<?xml version="1.0"?>
<tree>
  <title>For Andrew</title>
  <description>A simple test decision tree to help Andrew make changes.</description>
  <branch id="1">
    <content>Do you eat meat?</content>
    <fork target="1.1">Yes</fork>
    <fork target="1.2">No</fork>
  </branch>
  <branch id="1.1">
    <content>Do you like red meat??</content>
    <fork target="1.1.1">Yes</fork>
    <fork target="1.1.2">No</fork>
  </branch>
  <branch id="1.2">
    <content>Do you like faux-meat?</content>
    <fork target="1.2.1">Yes</fork>
    <fork target="1.2.2">No</fork>
  </branch>
  <branch id="1.1.1">
    <content>How about a steak?</content>
  </branch>
  <branch id="1.1.2">
    <content>How about some chicken?</content>
  </branch>
  <branch id="1.2.1">
    <content>How about a veggie burger?</content>
  </branch>
  <branch id="1.2.2">
    <content>How about a salad?</content>
  </branch>
</tree>
